Mbo School Saaxumhuizen,Saaxumhuizen MBO School,mbosaaxumhuizen.nl,privacy@mbosaaxumhuizen.nl,mbo-school-saaxumhuizen,01-01-2024
Yuverta,Yuverta,yuverta.nl,ibploket@yuverta.nl,yuverta,09-07-2024
Graafschap College,Graafschap College,graafschapcollege.nl,c.uitterhoeve@graafschapcollege.nl,graafschap-college,20-08-2024
MBO Utrecht,MBO Utrecht,mboutrecht.nl,privacy@mboutrecht.nl,mbo-utrecht,20-08-2024
Rijn IJssel,Rijn IJssel,rijnijssel.nl,privacy@rijnijssel.nl,rijn-ijssel,20-08-2024
ROC A12,ROC A12,cog.nl,fg@cog.nl,roc-a12,20-08-2024
ROC Mondriaan,ROC Mondriaan,rocmondriaan.nl,ibp@rocmondriaan.nl,roc-mondriaan,20-08-2024
Curio,Curio,curio.nl,j.vandenhazelkamp@curio.nl,curio,04-09-2024
Aventus,Aventus,aventus.nl,privacy@aventus.nl,aventus,04-09-2024
Stichting Gilde Opleidingen,Stichting Gilde Opleidingen,gildeopleidingen.nl,privacy@rocgilde.nl,stichting-gilde-opleidingen,05-09-2024
Nova College,Nova College,novacollege.nl,ffeen@novacollege.nl,nova-college,11-09-2024
Cibap Vakschool,Cibap Vakschool,cibap.nl,n.dutij@cibap.nl,cibap-vakschool,11-09-2024
Summa College,Summa College,summacollege.nl,ibp-team@summacollege.nl,summa-college,11-09-2024
ROC Midden Nederland,ROC Midden Nederland,rocmn.nl,privacy@rocmn.nl,roc-midden-nederland,16-09-2024
ROC van Twente,ROC van Twente,rocvantwente.nl,ndutij@rocvantwente.nl,roc-van-twente,16-09-2024
Firda,Firda,firda.nl,privacy@fcroc.nl,firda,25-09-2024
Noorderpoort,Noorderpoort,noorderpoort.nl,servicecentrum@noorderpoort.nl,noorderpoort,25-09-2024
Yonder,Yonder,onderwijsgroeptilburg.nl,privacy@yonder.nl,yonder,25-09-2024
Landstede MBO,Landstede MBO,landstedegroep.nl,privacy@mbosaaxumhuizen.nl,landstede-mbo,30-09-2024
ROC Nijmegen,ROC Nijmegen,roc-nijmegen.nl,n.dutij@roc-nijmegen.nl,roc-nijmegen,08-10-2024
Grafisch Lyceum Rotterdam,Grafisch Lyceum Rotterdam,glr.nl,dlinden@glr.nl,grafisch-lyceum-rotterdam,08-10-2024
ROC van Amsterdam,ROC van Amsterdam,talnet.nl,privacy@rocva.nl,roc-van-amsterdam,14-11-2024
ROC Zadkine,ROC Zadkine,zadkine.nl,fg@zadkine.nl,zadkine,29-01-2025
Koning Willem I College,Koning Willem I College,kw1c.nl,fg@kw1c.nl,koning-willem-i-college,12-02-2025
Vonk,Vonk,vonknh.nl,privacy@vonknh.nl,vonk,21-01-2026
Scalda,Scalda,scalda.nl,info@scalda.nl,scalda,21-01-2026
SintLucas,SintLucas,sintlucas.nl,privacy@sintlucas.nl,sintlucas,21-01-2026
